-- phpMyAdmin SQL Dump
-- version 3.5.2
-- http://www.phpmyadmin.net
--
-- Host: localhost
-- Generation Time: Jan 24, 2016 at 06:14 AM
-- Server version: 5.5.25a
-- PHP Version: 5.4.4

SET SQL_MODE="NO_AUTO_VALUE_ON_ZERO";
SET time_zone = "+00:00";


/*!40101 SET @OLD_CHARACTER_SET_CLIENT=@@CHARACTER_SET_CLIENT */;
/*!40101 SET @OLD_CHARACTER_SET_RESULTS=@@CHARACTER_SET_RESULTS */;
/*!40101 SET @OLD_COLLATION_CONNECTION=@@COLLATION_CONNECTION */;
/*!40101 SET NAMES utf8 */;

--
-- Database: `rig`
--

-- --------------------------------------------------------

--
-- Table structure for table `migrations`
--

CREATE TABLE IF NOT EXISTS `migrations` (
  `migration` varchar(255) COLLATE utf8_unicode_ci NOT NULL,
  `batch` int(11) NOT NULL
) ENGINE=InnoDB DEFAULT CHARSET=utf8 COLLATE=utf8_unicode_ci;

--
-- Dumping data for table `migrations`
--

INSERT INTO `migrations` (`migration`, `batch`) VALUES
('2016_01_22_065100_create_users_table', 1),
('2016_01_22_065339_create_rigs_table', 1),
('2016_01_22_065937_create_reports_table', 1),
('2016_01_22_072547_create_rig_user_table', 1);

-- --------------------------------------------------------

--
-- Table structure for table `reports`
--

CREATE TABLE IF NOT EXISTS `reports` (
  `id` int(10) unsigned NOT NULL AUTO_INCREMENT,
  `petrol_volume` double NOT NULL DEFAULT '50',
  `temperature` double NOT NULL DEFAULT '120',
  `presure` double NOT NULL DEFAULT '10',
  `rig_id` int(11) unsigned NOT NULL,
  `created_at` timestamp NOT NULL DEFAULT '0000-00-00 00:00:00',
  `updated_at` timestamp NOT NULL DEFAULT '0000-00-00 00:00:00',
  PRIMARY KEY (`id`),
  KEY `rig_id` (`rig_id`)
) ENGINE=InnoDB  DEFAULT CHARSET=utf8 COLLATE=utf8_unicode_ci AUTO_INCREMENT=14 ;

--
-- Dumping data for table `reports`
--

INSERT INTO `reports` (`id`, `petrol_volume`, `temperature`, `presure`, `rig_id`, `created_at`, `updated_at`) VALUES
(1, 18.74913, 92.94, 9.62992597, 1, '2016-01-22 05:35:15', '2016-01-22 05:35:15'),
(2, 24.1765, 94.014, 9.506608322, 2, '2016-01-22 05:35:16', '2016-01-22 05:35:16'),
(3, 20.2645, 104.2344221, 9.13489, 3, '2016-01-22 05:35:16', '2016-01-22 05:35:16'),
(4, 27.0719, 74.24, 7, 4, '2016-01-22 05:35:16', '2016-01-22 05:35:16'),
(5, 6.54730121, 98.40519, 6.935033131, 5, '2016-01-22 05:35:16', '2016-01-22 05:35:16'),
(6, 5667, 2334, 1212, 6, '2016-01-22 05:35:16', '2016-01-22 09:38:14'),
(7, 29.2700828, 84.28326324, 10, 7, '2016-01-22 05:35:16', '2016-01-22 05:35:16'),
(8, 45, 69.8903247, 9, 8, '2016-01-22 05:35:16', '2016-01-22 05:35:16'),
(9, 16.838405, 84.037, 9.2, 9, '2016-01-22 05:35:16', '2016-01-22 05:35:16');

-- --------------------------------------------------------

--
-- Table structure for table `rigs`
--

CREATE TABLE IF NOT EXISTS `rigs` (
  `id` int(10) unsigned NOT NULL AUTO_INCREMENT,
  `name` varchar(255) COLLATE utf8_unicode_ci NOT NULL,
  `place` varchar(255) COLLATE utf8_unicode_ci NOT NULL,
  `created_at` timestamp NOT NULL DEFAULT '0000-00-00 00:00:00',
  `updated_at` timestamp NOT NULL DEFAULT '0000-00-00 00:00:00',
  PRIMARY KEY (`id`)
) ENGINE=InnoDB  DEFAULT CHARSET=utf8 COLLATE=utf8_unicode_ci AUTO_INCREMENT=14 ;

--
-- Dumping data for table `rigs`
--

INSERT INTO `rigs` (`id`, `name`, `place`, `created_at`, `updated_at`) VALUES
(1, 'Wisconsin', '66278 Yadira Mall', '2016-01-22 05:35:15', '2016-01-22 05:35:15'),
(2, 'Pennsylvania', '0318 Emery Courts', '2016-01-22 05:35:15', '2016-01-22 05:35:15'),
(3, 'Oklahoma', '4159 Wiegand Forks', '2016-01-22 05:35:15', '2016-01-22 05:35:15'),
(4, 'North Dakota', '299 Durgan Way Apt. 378', '2016-01-22 05:35:15', '2016-01-22 05:35:15'),
(5, 'Vermont', '05117 Nicolas Wells', '2016-01-22 05:35:15', '2016-01-22 05:35:15'),
(6, 'Illinois', '3656 Jamar Highway Suite 578', '2016-01-22 05:35:15', '2016-01-22 05:35:15'),
(7, 'North Dakota', '012 Dylan Branch', '2016-01-22 05:35:15', '2016-01-22 05:35:15'),
(8, 'District of Columbia', '83477 Mossie Rest Apt. 028', '2016-01-22 05:35:15', '2016-01-22 05:35:15'),
(9, 'Virginia', '98803 Larson Knoll Suite 507', '2016-01-22 05:35:15', '2016-01-22 05:35:15');

-- --------------------------------------------------------

--
-- Table structure for table `rigs_users`
--

CREATE TABLE IF NOT EXISTS `rigs_users` (
  `id` int(10) unsigned NOT NULL AUTO_INCREMENT,
  `rig_id` int(10) unsigned NOT NULL,
  `user_id` int(10) unsigned NOT NULL,
  `created_at` timestamp NOT NULL DEFAULT '0000-00-00 00:00:00',
  `updated_at` timestamp NOT NULL DEFAULT '0000-00-00 00:00:00',
  PRIMARY KEY (`id`),
  KEY `rigs_users_rig_id_index` (`rig_id`),
  KEY `rigs_users_user_id_index` (`user_id`)
) ENGINE=InnoDB  DEFAULT CHARSET=utf8 COLLATE=utf8_unicode_ci AUTO_INCREMENT=306 ;

--
-- Dumping data for table `rigs_users`
--

INSERT INTO `rigs_users` (`id`, `rig_id`, `user_id`, `created_at`, `updated_at`) VALUES
(1, 8, 6, '2016-01-22 03:57:35', '2016-01-22 05:57:35'),
(2, 4, 50, '2016-01-22 05:57:35', '2016-01-22 05:57:35'),
(3, 3, 19, '2016-01-22 05:57:35', '2016-01-22 05:57:35'),
(4, 3, 38, '2016-01-22 05:57:35', '2016-01-22 05:57:35'),
(5, 7, 38, '2016-01-22 05:57:35', '2016-01-22 05:57:35'),
(6, 8, 20, '2016-01-22 05:57:35', '2016-01-22 05:57:35'),
(8, 1, 19, '2016-01-22 05:57:36', '2016-01-22 05:57:36'),
(10, 7, 16, '2016-01-22 05:57:36', '2016-01-22 05:57:36'),
(11, 6, 25, '2016-01-22 05:57:36', '2016-01-22 05:57:36'),
(12, 2, 7, '2016-01-22 05:57:36', '2016-01-22 05:57:36'),
(14, 1, 35, '2016-01-22 05:57:36', '2016-01-22 05:57:36'),
(15, 4, 31, '2016-01-22 05:57:36', '2016-01-22 05:57:36'),
(16, 2, 52, '2016-01-22 05:57:36', '2016-01-22 05:57:36'),
(17, 7, 39, '2016-01-22 05:57:36', '2016-01-22 05:57:36'),
(18, 5, 53, '2016-01-22 05:57:36', '2016-01-22 05:57:36'),
(19, 3, 19, '2016-01-22 05:57:36', '2016-01-22 05:57:36'),
(21, 4, 34, '2016-01-22 05:57:36', '2016-01-22 05:57:36'),
(22, 1, 48, '2016-01-22 05:57:36', '2016-01-22 05:57:36'),
(23, 9, 45, '2016-01-22 05:57:36', '2016-01-22 05:57:36'),
(24, 6, 6, '2016-01-22 05:57:36', '2016-01-22 05:57:36'),
(25, 6, 18, '2016-01-22 05:57:36', '2016-01-22 05:57:36'),
(26, 1, 47, '2016-01-22 05:57:36', '2016-01-22 05:57:36'),
(27, 3, 10, '2016-01-22 05:57:36', '2016-01-22 05:57:36'),
(28, 2, 48, '2016-01-22 05:57:36', '2016-01-22 05:57:36'),
(29, 3, 27, '2016-01-22 05:57:36', '2016-01-22 05:57:36'),
(30, 2, 23, '2016-01-22 05:57:36', '2016-01-22 05:57:36'),
(31, 8, 21, '2016-01-22 05:57:36', '2016-01-22 05:57:36'),
(32, 9, 32, '2016-01-22 05:57:36', '2016-01-22 05:57:36'),
(33, 8, 7, '2016-01-22 05:57:36', '2016-01-22 05:57:36'),
(34, 6, 25, '2016-01-22 05:57:36', '2016-01-22 05:57:36'),
(35, 3, 48, '2016-01-22 05:57:36', '2016-01-22 05:57:36'),
(37, 6, 50, '2016-01-22 05:57:36', '2016-01-22 05:57:36'),
(38, 5, 39, '2016-01-22 05:57:36', '2016-01-22 05:57:36'),
(39, 8, 14, '2016-01-22 05:57:36', '2016-01-22 05:57:36'),
(40, 6, 12, '2016-01-22 05:57:36', '2016-01-22 05:57:36'),
(41, 5, 50, '2016-01-22 05:57:36', '2016-01-22 05:57:36'),
(43, 6, 53, '2016-01-22 05:57:37', '2016-01-22 05:57:37'),
(44, 2, 47, '2016-01-22 05:57:37', '2016-01-22 05:57:37'),
(45, 2, 36, '2016-01-22 05:57:37', '2016-01-22 05:57:37'),
(46, 1, 22, '2016-01-22 05:57:37', '2016-01-22 05:57:37'),
(47, 1, 35, '2016-01-22 05:57:37', '2016-01-22 05:57:37'),
(48, 8, 23, '2016-01-22 05:57:37', '2016-01-22 05:57:37'),
(50, 7, 29, '2016-01-22 05:57:37', '2016-01-22 05:57:37'),
(51, 1, 53, '2016-01-22 05:57:37', '2016-01-22 05:57:37'),
(52, 9, 9, '2016-01-22 05:57:37', '2016-01-22 05:57:37'),
(53, 9, 15, '2016-01-22 05:57:37', '2016-01-22 05:57:37'),
(54, 6, 38, '2016-01-22 05:57:37', '2016-01-22 05:57:37'),
(55, 9, 30, '2016-01-22 05:57:37', '2016-01-22 05:57:37'),
(56, 9, 11, '2016-01-22 05:57:37', '2016-01-22 05:57:37'),
(57, 1, 52, '2016-01-22 05:57:37', '2016-01-22 05:57:37'),
(58, 5, 50, '2016-01-22 05:57:37', '2016-01-22 05:57:37'),
(59, 6, 6, '2016-01-22 05:57:37', '2016-01-22 05:57:37'),
(60, 8, 12, '2016-01-22 05:57:37', '2016-01-22 05:57:37'),
(61, 8, 47, '2016-01-22 05:57:37', '2016-01-22 05:57:37'),
(62, 9, 47, '2016-01-22 05:57:37', '2016-01-22 05:57:37'),
(63, 2, 46, '2016-01-22 05:57:37', '2016-01-22 05:57:37'),
(64, 3, 21, '2016-01-22 05:57:37', '2016-01-22 05:57:37'),
(65, 7, 20, '2016-01-22 05:57:37', '2016-01-22 05:57:37'),
(66, 2, 42, '2016-01-22 05:57:37', '2016-01-22 05:57:37'),
(67, 9, 52, '2016-01-22 05:57:37', '2016-01-22 05:57:37'),
(69, 3, 31, '2016-01-22 05:57:37', '2016-01-22 05:57:37'),
(70, 8, 11, '2016-01-22 05:57:37', '2016-01-22 05:57:37'),
(71, 5, 46, '2016-01-22 05:57:37', '2016-01-22 05:57:37'),
(72, 5, 39, '2016-01-22 05:57:37', '2016-01-22 05:57:37'),
(73, 3, 28, '2016-01-22 05:57:37', '2016-01-22 05:57:37'),
(74, 8, 25, '2016-01-22 05:57:37', '2016-01-22 05:57:37'),
(75, 5, 13, '2016-01-22 05:57:37', '2016-01-22 05:57:37'),
(77, 6, 36, '2016-01-22 05:57:37', '2016-01-22 05:57:37'),
(78, 7, 21, '2016-01-22 05:57:37', '2016-01-22 05:57:37'),
(79, 5, 7, '2016-01-22 05:57:38', '2016-01-22 05:57:38'),
(80, 2, 36, '2016-01-22 05:57:38', '2016-01-22 05:57:38'),
(81, 8, 42, '2016-01-22 05:57:38', '2016-01-22 05:57:38'),
(82, 9, 43, '2016-01-22 05:57:38', '2016-01-22 05:57:38'),
(83, 6, 42, '2016-01-22 05:57:38', '2016-01-22 05:57:38'),
(84, 6, 16, '2016-01-22 05:57:38', '2016-01-22 05:57:38'),
(85, 2, 20, '2016-01-22 05:57:38', '2016-01-22 05:57:38'),
(86, 3, 29, '2016-01-22 05:57:38', '2016-01-22 05:57:38'),
(88, 2, 32, '2016-01-22 05:57:38', '2016-01-22 05:57:38'),
(89, 5, 23, '2016-01-22 05:57:38', '2016-01-22 05:57:38'),
(90, 1, 41, '2016-01-22 05:57:38', '2016-01-22 05:57:38'),
(92, 6, 8, '2016-01-22 05:57:38', '2016-01-22 05:57:38'),
(93, 9, 33, '2016-01-22 05:57:38', '2016-01-22 05:57:38'),
(94, 8, 11, '2016-01-22 05:57:38', '2016-01-22 05:57:38'),
(95, 4, 14, '2016-01-22 05:57:38', '2016-01-22 05:57:38'),
(96, 1, 53, '2016-01-22 05:57:38', '2016-01-22 05:57:38'),
(97, 1, 39, '2016-01-22 05:57:38', '2016-01-22 05:57:38'),
(98, 9, 14, '2016-01-22 05:57:38', '2016-01-22 05:57:38'),
(100, 3, 35, '2016-01-22 05:57:38', '2016-01-22 05:57:38'),
(101, 3, 10, '2016-01-22 05:57:38', '2016-01-22 05:57:38'),
(102, 6, 25, '2016-01-22 05:57:38', '2016-01-22 05:57:38'),
(103, 6, 48, '2016-01-22 05:57:38', '2016-01-22 05:57:38'),
(104, 8, 14, '2016-01-22 05:57:38', '2016-01-22 05:57:38'),
(105, 8, 32, '2016-01-22 05:57:38', '2016-01-22 05:57:38'),
(106, 4, 45, '2016-01-22 05:57:38', '2016-01-22 05:57:38'),
(107, 2, 30, '2016-01-22 05:57:38', '2016-01-22 05:57:38'),
(108, 8, 23, '2016-01-22 05:57:38', '2016-01-22 05:57:38'),
(109, 8, 5, '2016-01-22 05:57:38', '2016-01-22 05:57:38'),
(110, 8, 53, '2016-01-22 05:57:38', '2016-01-22 05:57:38'),
(111, 5, 43, '2016-01-22 05:57:38', '2016-01-22 05:57:38'),
(112, 1, 22, '2016-01-22 05:57:38', '2016-01-22 05:57:38'),
(113, 4, 30, '2016-01-22 05:57:39', '2016-01-22 05:57:39'),
(114, 7, 36, '2016-01-22 05:57:39', '2016-01-22 05:57:39'),
(115, 2, 5, '2016-01-22 05:57:39', '2016-01-22 05:57:39'),
(116, 1, 9, '2016-01-22 05:57:39', '2016-01-22 05:57:39'),
(117, 2, 49, '2016-01-22 05:57:39', '2016-01-22 05:57:39'),
(118, 2, 29, '2016-01-22 05:57:39', '2016-01-22 05:57:39'),
(119, 2, 48, '2016-01-22 05:57:39', '2016-01-22 05:57:39'),
(121, 6, 50, '2016-01-22 05:57:39', '2016-01-22 05:57:39'),
(122, 8, 37, '2016-01-22 05:57:39', '2016-01-22 05:57:39'),
(123, 9, 44, '2016-01-22 05:57:39', '2016-01-22 05:57:39'),
(124, 1, 48, '2016-01-22 05:57:39', '2016-01-22 05:57:39'),
(125, 8, 19, '2016-01-22 05:57:39', '2016-01-22 05:57:39'),
(126, 1, 18, '2016-01-22 05:57:39', '2016-01-22 05:57:39'),
(127, 4, 45, '2016-01-22 05:57:39', '2016-01-22 05:57:39'),
(128, 8, 11, '2016-01-22 05:57:39', '2016-01-22 05:57:39'),
(129, 4, 49, '2016-01-22 05:57:39', '2016-01-22 05:57:39'),
(130, 7, 19, '2016-01-22 05:57:39', '2016-01-22 05:57:39'),
(131, 8, 18, '2016-01-22 05:57:39', '2016-01-22 05:57:39'),
(132, 5, 19, '2016-01-22 05:57:39', '2016-01-22 05:57:39'),
(133, 1, 40, '2016-01-22 05:57:39', '2016-01-22 05:57:39'),
(134, 3, 46, '2016-01-22 05:57:39', '2016-01-22 05:57:39'),
(135, 5, 22, '2016-01-22 05:57:39', '2016-01-22 05:57:39'),
(136, 5, 50, '2016-01-22 05:57:39', '2016-01-22 05:57:39'),
(137, 8, 17, '2016-01-22 05:57:39', '2016-01-22 05:57:39'),
(138, 8, 30, '2016-01-22 05:57:39', '2016-01-22 05:57:39'),
(139, 4, 46, '2016-01-22 05:57:39', '2016-01-22 05:57:39'),
(140, 1, 16, '2016-01-22 05:57:39', '2016-01-22 05:57:39'),
(142, 1, 29, '2016-01-22 05:57:39', '2016-01-22 05:57:39'),
(143, 6, 31, '2016-01-22 05:57:39', '2016-01-22 05:57:39'),
(145, 8, 26, '2016-01-22 05:57:39', '2016-01-22 05:57:39'),
(147, 5, 35, '2016-01-22 05:57:39', '2016-01-22 05:57:39'),
(148, 4, 16, '2016-01-22 05:57:39', '2016-01-22 05:57:39'),
(149, 8, 26, '2016-01-22 05:57:40', '2016-01-22 05:57:40'),
(150, 4, 48, '2016-01-22 05:57:40', '2016-01-22 05:57:40'),
(152, 9, 8, '2016-01-22 05:57:40', '2016-01-22 05:57:40'),
(153, 9, 27, '2016-01-22 05:57:40', '2016-01-22 05:57:40'),
(154, 2, 19, '2016-01-22 05:57:40', '2016-01-22 05:57:40'),
(155, 2, 43, '2016-01-22 05:57:40', '2016-01-22 05:57:40'),
(156, 3, 19, '2016-01-22 05:57:40', '2016-01-22 05:57:40'),
(157, 4, 50, '2016-01-22 05:57:40', '2016-01-22 05:57:40'),
(158, 1, 42, '2016-01-22 05:57:40', '2016-01-22 05:57:40'),
(159, 3, 35, '2016-01-22 05:57:40', '2016-01-22 05:57:40'),
(160, 8, 5, '2016-01-22 05:57:40', '2016-01-22 05:57:40'),
(161, 4, 52, '2016-01-22 05:57:40', '2016-01-22 05:57:40'),
(162, 4, 17, '2016-01-22 05:57:40', '2016-01-22 05:57:40'),
(163, 3, 25, '2016-01-22 05:57:40', '2016-01-22 05:57:40'),
(164, 1, 34, '2016-01-22 05:57:40', '2016-01-22 05:57:40'),
(165, 1, 52, '2016-01-22 05:57:40', '2016-01-22 05:57:40'),
(166, 1, 49, '2016-01-22 05:57:40', '2016-01-22 05:57:40'),
(167, 2, 30, '2016-01-22 05:57:40', '2016-01-22 05:57:40'),
(168, 6, 29, '2016-01-22 05:57:40', '2016-01-22 05:57:40'),
(169, 9, 37, '2016-01-22 05:57:40', '2016-01-22 05:57:40'),
(170, 7, 50, '2016-01-22 05:57:40', '2016-01-22 05:57:40'),
(171, 4, 43, '2016-01-22 05:57:40', '2016-01-22 05:57:40'),
(172, 1, 6, '2016-01-22 05:57:40', '2016-01-22 05:57:40'),
(174, 8, 18, '2016-01-22 05:57:40', '2016-01-22 05:57:40'),
(175, 8, 5, '2016-01-22 05:57:40', '2016-01-22 05:57:40'),
(176, 5, 40, '2016-01-22 05:57:41', '2016-01-22 05:57:41'),
(177, 5, 36, '2016-01-22 05:57:41', '2016-01-22 05:57:41'),
(178, 8, 33, '2016-01-22 05:57:41', '2016-01-22 05:57:41'),
(179, 5, 30, '2016-01-22 05:57:41', '2016-01-22 05:57:41'),
(180, 8, 27, '2016-01-22 05:57:41', '2016-01-22 05:57:41'),
(182, 8, 26, '2016-01-22 05:57:41', '2016-01-22 05:57:41'),
(183, 5, 53, '2016-01-22 05:57:41', '2016-01-22 05:57:41'),
(184, 2, 45, '2016-01-22 05:57:41', '2016-01-22 05:57:41'),
(185, 3, 38, '2016-01-22 05:57:41', '2016-01-22 05:57:41'),
(186, 5, 42, '2016-01-22 05:57:41', '2016-01-22 05:57:41'),
(187, 4, 8, '2016-01-22 05:57:41', '2016-01-22 05:57:41'),
(188, 9, 18, '2016-01-22 05:57:41', '2016-01-22 05:57:41'),
(189, 7, 51, '2016-01-22 05:57:41', '2016-01-22 05:57:41'),
(190, 5, 12, '2016-01-22 05:57:41', '2016-01-22 05:57:41'),
(191, 9, 53, '2016-01-22 05:57:41', '2016-01-22 05:57:41'),
(192, 8, 30, '2016-01-22 05:57:41', '2016-01-22 05:57:41'),
(193, 6, 17, '2016-01-22 05:57:41', '2016-01-22 05:57:41'),
(194, 7, 27, '2016-01-22 05:57:41', '2016-01-22 05:57:41'),
(195, 2, 22, '2016-01-22 05:57:41', '2016-01-22 05:57:41'),
(196, 1, 43, '2016-01-22 05:57:41', '2016-01-22 05:57:41'),
(197, 2, 48, '2016-01-22 05:57:41', '2016-01-22 05:57:41'),
(198, 5, 7, '2016-01-22 05:57:41', '2016-01-22 05:57:41'),
(200, 3, 46, '2016-01-22 05:57:42', '2016-01-22 05:57:42'),
(201, 4, 5, '2016-01-22 05:57:42', '2016-01-22 05:57:42'),
(202, 4, 14, '2016-01-22 05:57:42', '2016-01-22 05:57:42'),
(203, 7, 36, '2016-01-22 05:57:42', '2016-01-22 05:57:42'),
(204, 6, 27, '2016-01-22 05:57:42', '2016-01-22 05:57:42'),
(205, 7, 34, '2016-01-22 05:57:42', '2016-01-22 05:57:42'),
(206, 3, 49, '2016-01-22 05:57:42', '2016-01-22 05:57:42'),
(207, 1, 33, '2016-01-22 05:57:42', '2016-01-22 05:57:42'),
(208, 2, 24, '2016-01-22 05:57:42', '2016-01-22 05:57:42'),
(211, 7, 31, '2016-01-22 05:57:42', '2016-01-22 05:57:42'),
(212, 6, 16, '2016-01-22 05:57:42', '2016-01-22 05:57:42'),
(213, 7, 12, '2016-01-22 05:57:42', '2016-01-22 05:57:42'),
(214, 2, 9, '2016-01-22 05:57:42', '2016-01-22 05:57:42'),
(215, 5, 40, '2016-01-22 05:57:42', '2016-01-22 05:57:42'),
(216, 1, 27, '2016-01-22 05:57:42', '2016-01-22 05:57:42'),
(217, 4, 19, '2016-01-22 05:57:42', '2016-01-22 05:57:42'),
(219, 7, 25, '2016-01-22 05:57:42', '2016-01-22 05:57:42'),
(220, 6, 41, '2016-01-22 05:57:42', '2016-01-22 05:57:42'),
(221, 9, 18, '2016-01-22 05:57:42', '2016-01-22 05:57:42'),
(222, 6, 9, '2016-01-22 05:57:42', '2016-01-22 05:57:42'),
(223, 9, 22, '2016-01-22 05:57:42', '2016-01-22 05:57:42'),
(224, 6, 22, '2016-01-22 05:57:42', '2016-01-22 05:57:42'),
(225, 6, 37, '2016-01-22 05:57:42', '2016-01-22 05:57:42'),
(226, 6, 43, '2016-01-22 05:57:42', '2016-01-22 05:57:42'),
(227, 8, 11, '2016-01-22 05:57:42', '2016-01-22 05:57:42'),
(230, 2, 39, '2016-01-22 05:57:42', '2016-01-22 05:57:42'),
(231, 9, 17, '2016-01-22 05:57:42', '2016-01-22 05:57:42'),
(232, 5, 22, '2016-01-22 05:57:42', '2016-01-22 05:57:42'),
(233, 1, 14, '2016-01-22 05:57:43', '2016-01-22 05:57:43'),
(234, 1, 44, '2016-01-22 05:57:43', '2016-01-22 05:57:43'),
(235, 7, 28, '2016-01-22 05:57:43', '2016-01-22 05:57:43'),
(236, 1, 13, '2016-01-22 05:57:43', '2016-01-22 05:57:43'),
(237, 1, 17, '2016-01-22 05:57:43', '2016-01-22 05:57:43'),
(238, 3, 6, '2016-01-22 05:57:43', '2016-01-22 05:57:43'),
(239, 5, 14, '2016-01-22 05:57:43', '2016-01-22 05:57:43'),
(240, 1, 24, '2016-01-22 05:57:43', '2016-01-22 05:57:43'),
(241, 8, 19, '2016-01-22 05:57:43', '2016-01-22 05:57:43'),
(242, 4, 7, '2016-01-22 05:57:43', '2016-01-22 05:57:43'),
(243, 7, 9, '2016-01-22 05:57:43', '2016-01-22 05:57:43'),
(244, 4, 25, '2016-01-22 05:57:43', '2016-01-22 05:57:43'),
(245, 9, 20, '2016-01-22 05:57:43', '2016-01-22 05:57:43'),
(246, 7, 17, '2016-01-22 05:57:43', '2016-01-22 05:57:43'),
(247, 8, 39, '2016-01-22 05:57:43', '2016-01-22 05:57:43'),
(248, 2, 43, '2016-01-22 05:57:43', '2016-01-22 05:57:43'),
(249, 1, 33, '2016-01-22 05:57:43', '2016-01-22 05:57:43'),
(250, 2, 49, '2016-01-22 05:57:43', '2016-01-22 05:57:43'),
(251, 5, 42, '2016-01-22 05:57:43', '2016-01-22 05:57:43'),
(252, 1, 31, '2016-01-22 05:57:43', '2016-01-22 05:57:43'),
(253, 4, 39, '2016-01-22 05:57:43', '2016-01-22 05:57:43'),
(254, 6, 18, '2016-01-22 05:57:43', '2016-01-22 05:57:43'),
(255, 1, 23, '2016-01-22 05:57:43', '2016-01-22 05:57:43'),
(256, 2, 29, '2016-01-22 05:57:43', '2016-01-22 05:57:43'),
(257, 8, 45, '2016-01-22 05:57:43', '2016-01-22 05:57:43'),
(258, 9, 33, '2016-01-22 05:57:43', '2016-01-22 05:57:43'),
(259, 9, 45, '2016-01-22 05:57:43', '2016-01-22 05:57:43'),
(260, 5, 50, '2016-01-22 05:57:43', '2016-01-22 05:57:43'),
(261, 1, 35, '2016-01-22 05:57:43', '2016-01-22 05:57:43'),
(262, 9, 25, '2016-01-22 05:57:43', '2016-01-22 05:57:43'),
(263, 9, 29, '2016-01-22 05:57:43', '2016-01-22 05:57:43'),
(264, 1, 30, '2016-01-22 05:57:43', '2016-01-22 05:57:43'),
(265, 5, 35, '2016-01-22 05:57:43', '2016-01-22 05:57:43'),
(266, 1, 14, '2016-01-22 05:57:43', '2016-01-22 05:57:43'),
(267, 1, 24, '2016-01-22 05:57:43', '2016-01-22 05:57:43'),
(268, 9, 33, '2016-01-22 05:57:44', '2016-01-22 05:57:44'),
(270, 7, 33, '2016-01-22 05:57:44', '2016-01-22 05:57:44'),
(271, 5, 34, '2016-01-22 05:57:44', '2016-01-22 05:57:44'),
(272, 8, 20, '2016-01-22 05:57:44', '2016-01-22 05:57:44'),
(273, 3, 50, '2016-01-22 05:57:44', '2016-01-22 05:57:44'),
(274, 9, 17, '2016-01-22 05:57:44', '2016-01-22 05:57:44'),
(275, 9, 14, '2016-01-22 05:57:44', '2016-01-22 05:57:44'),
(276, 3, 22, '2016-01-22 05:57:44', '2016-01-22 05:57:44'),
(277, 9, 9, '2016-01-22 05:57:44', '2016-01-22 05:57:44'),
(278, 6, 51, '2016-01-22 05:57:44', '2016-01-22 05:57:44'),
(280, 3, 33, '2016-01-22 05:57:44', '2016-01-22 05:57:44'),
(281, 9, 34, '2016-01-22 05:57:44', '2016-01-22 05:57:44'),
(282, 7, 32, '2016-01-22 05:57:44', '2016-01-22 05:57:44'),
(283, 3, 28, '2016-01-22 05:57:44', '2016-01-22 05:57:44'),
(284, 7, 29, '2016-01-22 05:57:44', '2016-01-22 05:57:44'),
(285, 9, 15, '2016-01-22 05:57:44', '2016-01-22 05:57:44'),
(286, 8, 14, '2016-01-22 05:57:44', '2016-01-22 05:57:44'),
(287, 3, 35, '2016-01-22 05:57:44', '2016-01-22 05:57:44'),
(288, 6, 39, '2016-01-22 05:57:44', '2016-01-22 05:57:44'),
(289, 3, 33, '2016-01-22 05:57:44', '2016-01-22 05:57:44'),
(290, 9, 26, '2016-01-22 05:57:44', '2016-01-22 05:57:44'),
(291, 1, 7, '2016-01-22 05:57:44', '2016-01-22 05:57:44'),
(292, 1, 39, '2016-01-22 05:57:44', '2016-01-22 05:57:44'),
(294, 4, 34, '2016-01-22 05:57:44', '2016-01-22 05:57:44'),
(295, 6, 22, '2016-01-22 05:57:44', '2016-01-22 05:57:44'),
(296, 5, 10, '2016-01-22 05:57:44', '2016-01-22 05:57:44'),
(297, 7, 47, '2016-01-22 05:57:44', '2016-01-22 05:57:44'),
(298, 4, 48, '2016-01-22 05:57:44', '2016-01-22 05:57:44'),
(300, 8, 16, '2016-01-22 05:57:45', '2016-01-22 05:57:45');

-- --------------------------------------------------------

--
-- Table structure for table `users`
--

CREATE TABLE IF NOT EXISTS `users` (
  `id` int(10) unsigned NOT NULL AUTO_INCREMENT,
  `username` varchar(255) COLLATE utf8_unicode_ci NOT NULL,
  `password` varchar(255) COLLATE utf8_unicode_ci NOT NULL,
  `remember_token` varchar(255) COLLATE utf8_unicode_ci NOT NULL,
  `admin_rank` int(11) NOT NULL,
  `created_at` timestamp NOT NULL DEFAULT '0000-00-00 00:00:00',
  `updated_at` timestamp NOT NULL DEFAULT '0000-00-00 00:00:00',
  PRIMARY KEY (`id`)
) ENGINE=InnoDB  DEFAULT CHARSET=utf8 COLLATE=utf8_unicode_ci AUTO_INCREMENT=54 ;

--
-- Dumping data for table `users`
--

INSERT INTO `users` (`id`, `username`, `password`, `remember_token`, `admin_rank`, `created_at`, `updated_at`) VALUES
(1, 'Admin', '$2y$10$v9hL.AtVi8IjjdrVdJBtmOIm1U2kR8hUcmx6281cCfrK2H3rCo4yq', 'DpRYlLIwPSiVkoNEQCkwj4RKYZxB81CfbAMrU8vxvaZ3AJasAEJYo8PiCbJg', 2, '2016-01-22 05:35:10', '2016-01-22 10:31:53'),
(2, 'Eslam Jekso', '$2y$10$SRZL5s3TVjWMwdMFoh8Sru28UNwhYYloZFBwhAoW0NYQi56bo.gBi', '', 2, '2016-01-22 05:35:10', '2016-01-22 05:35:10'),
(3, 'Ihap Mustafa', '$2y$10$.T7lHsywhyIElf3/LwCrWu7vWv2dnpegZsGBQLJhKtGYy45btO3YO', '', 1, '2016-01-22 05:35:10', '2016-01-22 05:35:10'),
(4, 'Eslam Darweesh', '$2y$10$pIFTI1pyCJmnegtBpHYxn.X4L.xlnQz3IX9LmteTEqH75KOZ5ZQb.', 'O3ZQ9LNFqVxVlaVFZg9oR2Ds61qlWbMnM4wKnCkde4j81MlAWNqERTK4BKjD', 1, '2016-01-22 05:35:10', '2016-01-22 10:50:36'),
(5, 'Norwood Cremin', '$2y$10$8ExCLZtScSx/7xfCCtiaDuuA8xTjjFg5OyAKQR22eBZkEQzLtF7hO', 'MJ4v8UdhRJCeVVYu8etWJfNw9cCyWfbdXPgFJIm67ybe37kwkBvgTwavkBeF', 0, '2016-01-22 05:35:10', '2016-01-22 10:25:35'),
(6, 'Johnson Aufderhar', '$2y$10$FJD8Nu649Pvu/xqND9Y90uLJAVqlfvWI8x97AnvhjeREsHjrEKRc.', 'jk6WD0GSY2eH5MMYbzCxT0EjDzHdsOBRDk2KoZhtQ1J7PlgkIOlLdYz9sJCi', 0, '2016-01-22 05:35:10', '2016-01-22 09:38:51'),
(7, 'Vilma Gutkowski', '$2y$10$AVQw5N0nQvgxL26LOt24fuAgnOhKJxSOzTwhaa1hEdr5/NLYPnIoO', '', 0, '2016-01-22 05:35:10', '2016-01-22 05:35:10'),
(8, 'Eduardo Kautzer', '$2y$10$HJRsrpYiouuc8We0vqO1y.cpxwn2aNSD/kVpGQE0Gugh9VebD5ZqG', '', 0, '2016-01-22 05:35:11', '2016-01-22 05:35:11'),
(9, 'Roosevelt Beahan IV', '$2y$10$Y768XNjEFRqAUv9xU1uiT.XEW92ksMak9RYHdicxFmcZIC3XKM9F.', '', 0, '2016-01-22 05:35:11', '2016-01-22 05:35:11'),
(10, 'Ms. Francisca Kulas Sr.', '$2y$10$dYWhGv9jDGKUFrgMX37MiuZ3mEn/Its2FpxuwuZW.PJcDtdAJ34Pq', '', 0, '2016-01-22 05:35:11', '2016-01-22 05:35:11'),
(11, 'Shannon Ryan', '$2y$10$GERlgkGVRNKG9feHx621Gu7fkW1PXNTqpgIya2RPsQmdULSSsUduy', '', 0, '2016-01-22 05:35:11', '2016-01-22 05:35:11'),
(12, 'Mrs. Amely Streich', '$2y$10$IkoeNxJmiqpE/3PQwOaV0ewMawrN3XRE6BvyHfSvJKS0PeWx1MJ8O', '', 0, '2016-01-22 05:35:11', '2016-01-22 05:35:11'),
(13, 'Mr. Kendall Grady V', '$2y$10$Zb/0uC4M/SnX0ofKw4lzOuB.PRQ3PtwXkzLIXZh.9oxYMFl2C4zfC', '', 0, '2016-01-22 05:35:11', '2016-01-22 05:35:11'),
(14, 'Dakota Yost', '$2y$10$Wy0Io4CAcNkwMupJY9dyBeAmlJf2OCwErmKeMwCpWyt3a.8nMp2ye', '', 0, '2016-01-22 05:35:11', '2016-01-22 05:35:11'),
(15, 'Frank Russel', '$2y$10$OhYzzthWz.QXACeN.adVl.fAqPwaVn0O.BmdYbe1GLEERzI4njIAG', '', 0, '2016-01-22 05:35:11', '2016-01-22 05:35:11'),
(16, 'Roberta Christiansen', '$2y$10$drGhfUoobrxIfRtiVk4mb.EGknbVIF6Af2ScbLfeLUth/PsqtD1KK', '', 0, '2016-01-22 05:35:11', '2016-01-22 05:35:11'),
(17, 'Mariano Orn', '$2y$10$CcD0iC8eNNOeN6V0RMMoLur6D1vs4ipSD.4Pod01ql3ald521zX4C', '', 0, '2016-01-22 05:35:11', '2016-01-22 05:35:11'),
(18, 'Dr. Hosea Cartwright', '$2y$10$cmIyjxRwJ/TbVbFY49dZQu.1dDcUD61b7r0/0n56tCr.Lkl8PZXkO', '', 0, '2016-01-22 05:35:12', '2016-01-22 05:35:12'),
(19, 'Miss Megane Zboncak MD', '$2y$10$0sxSrzPgJHG8t4XmsSEjaeN8HjG4KMVJ9BRVB9n2dIErciATNtej6', '', 0, '2016-01-22 05:35:12', '2016-01-22 05:35:12'),
(20, 'Rosemary Grant', '$2y$10$j8pBHtgVWbW3COVfH/TFuep5T9zlcry6f0t5BmYTWJ5Z1Y7weSZhq', '', 0, '2016-01-22 05:35:12', '2016-01-22 05:35:12'),
(21, 'Addison Medhurst', '$2y$10$NQqwYW1qUnaDb.mcuBEpAerKq9xg38C2dcDVZR6PI4WajqondzfCa', '', 0, '2016-01-22 05:35:12', '2016-01-22 05:35:12'),
(22, 'Mr. Cedrick Hansen III', '$2y$10$f2.QSlGKAk4l4nYmfE3br.COy/1AYx5boY0.h.JbEqpVZJoE6ycVK', '', 0, '2016-01-22 05:35:12', '2016-01-22 05:35:12'),
(23, 'Ms. Pearline Walker Sr.', '$2y$10$y0dfSZFVzep2eOFChi15MeN0QRpJjsBn/BAHiXIk2R5KPVn7ryZee', '', 0, '2016-01-22 05:35:12', '2016-01-22 05:35:12'),
(24, 'Prof. Fabiola Lesch', '$2y$10$W4RjIOw0ud7pIGZlUglvY.TUf5FxJ8y8QUvGCdKmtfzY7IuPcuh16', '', 0, '2016-01-22 05:35:12', '2016-01-22 05:35:12'),
(25, 'Ariane Wisozk', '$2y$10$aNo4VXisJLnJ0R02yI4ELuieP27UDOsBu0ttny99uDlPBwPCYnD3C', '', 0, '2016-01-22 05:35:12', '2016-01-22 05:35:12'),
(26, 'Camylle Lemke DDS', '$2y$10$Z4xHXsZsM5EZF2d6kWQVg.26SDoYIkA7RfoHtF3PXkyQpsey7Bg8K', '', 0, '2016-01-22 05:35:12', '2016-01-22 05:35:12'),
(27, 'Ethan McDermott', '$2y$10$j9S9UrHJESjGCKOCNlku3eeG63Pl9RGfQ8/iFClBwaGQz9hvXYGES', '', 0, '2016-01-22 05:35:13', '2016-01-22 05:35:13'),
(28, 'Ms. Elaina Reilly', '$2y$10$5NXBLWsnzIN7on14EvlfH.YCyLoKkic3lNa.aE4XiLoI.aqwVhR6u', '', 0, '2016-01-22 05:35:13', '2016-01-22 05:35:13'),
(29, 'Anita Hahn II', '$2y$10$V4MDsrLoKzcExpUF4b0rbuQ./4ubHfoI4zxTlFZvBCG4WUhrs1mty', '', 0, '2016-01-22 05:35:13', '2016-01-22 05:35:13'),
(30, 'Dr. Rozella Legros', '$2y$10$u5mJVDPhUgT1/wyzYw48IOSvwye8RlqVAB7KFLh0ldQMNcK/fSzle', '', 0, '2016-01-22 05:35:13', '2016-01-22 05:35:13'),
(31, 'Brandy Weimann', '$2y$10$TINL1AqaFfzXDyZtGQYseuKEJTYfxpaXZ0G.yhTdHsrJjEqZujWRi', '', 0, '2016-01-22 05:35:13', '2016-01-22 05:35:13'),
(32, 'Sasha Rice PhD', '$2y$10$wuwWtxIQ8vlahMwh6rB/2u6ahO1Nhli9l5wxnWUzjEEOSsLYfUc3O', '', 0, '2016-01-22 05:35:13', '2016-01-22 05:35:13'),
(33, 'Schuyler Armstrong DVM', '$2y$10$QX6iAElrJuUnlntRz3myT./wpwzQ4JS0zYbVZTXhm1LPwSxYFUPb2', '', 0, '2016-01-22 05:35:13', '2016-01-22 05:35:13'),
(34, 'Eloise Beer', '$2y$10$NjUI50gUMg0Pw4ygzqnsLe3JAmhwBz0Q/X0/EYdytwknasHNr5wKq', '', 0, '2016-01-22 05:35:13', '2016-01-22 05:35:13'),
(35, 'Miss Otilia Schaefer DDS', '$2y$10$NuAAi0MhAtO6e/E01ZPWz.w0AwGEVvVhABQpIAsa57dGvUM5pgdeO', '', 0, '2016-01-22 05:35:13', '2016-01-22 05:35:13'),
(36, 'Prof. Jacky Spinka DDS', '$2y$10$z4HrpWyA44j/oEGoPwEOOei/loADxfS1oY/8uwXquqoxthPDAKOoO', '', 0, '2016-01-22 05:35:13', '2016-01-22 05:35:13'),
(37, 'Emmalee Volkman', '$2y$10$0jSxjpial9.XxVeWVGmWfOav0dX73IMsi3ZOXd0JKbpNLhBuo1DXq', '', 0, '2016-01-22 05:35:14', '2016-01-22 05:35:14'),
(38, 'Betsy Medhurst IV', '$2y$10$OKwq4oa7l.e2UNsLJMgMgeN230fflH7Z5r6Zzm8HShf5r4uv5q.NW', '', 0, '2016-01-22 05:35:14', '2016-01-22 05:35:14'),
(39, 'Roberta Kris', '$2y$10$6gr.2w09aUeY7OdjnDwB5OGicw7SE7/UVFG2gMOoOv/ag2e7OyNCW', '', 0, '2016-01-22 05:35:14', '2016-01-22 05:35:14'),
(40, 'Prof. Carolyne Gibson', '$2y$10$cvw0KUrpHuHz2rjx33O0COsk/lftnnCJJfhPVUoWl5fHZeXiN5ysO', '', 0, '2016-01-22 05:35:14', '2016-01-22 05:35:14'),
(41, 'Candice Powlowski', '$2y$10$zFXORLHJg/FfRL/Zx1eC/.8s9NwsA92BtOcJzysbg3q2gdPskXzty', '', 0, '2016-01-22 05:35:14', '2016-01-22 05:35:14'),
(42, 'Dana Tromp', '$2y$10$C./5gXhdyLoKvuMigh2kyOO/MZQDMc6AK0eNeRg6oGhOUzpePbt7e', '', 0, '2016-01-22 05:35:14', '2016-01-22 05:35:14'),
(43, 'Alvah Breitenberg DVM', '$2y$10$I5FWNFQyfBNUQOHjRylvlu4lrwaZ.fMva1vGsUWpntdfioySAihfW', '', 0, '2016-01-22 05:35:14', '2016-01-22 05:35:14'),
(44, 'Mallory Schuster', '$2y$10$Rksh6x3yGvgUawZbaLaPQOa.IuDke4KoNcUC6plmgv.2G7qr9mEcC', '', 0, '2016-01-22 05:35:14', '2016-01-22 05:35:14'),
(45, 'Dr. Jany Stark II', '$2y$10$jvZN7uTEbUFF3MAJaAu3xOXVsb3c4IG8fVKVNhW1f2UHftasF4JuW', '', 0, '2016-01-22 05:35:14', '2016-01-22 05:35:14'),
(46, 'Ms. Myrna Steuber V', '$2y$10$3a./F1Ap7RD4DqiNabUkEudRlz4azQYYnF.UtanL1ojZpUjWC2Dhq', '', 0, '2016-01-22 05:35:14', '2016-01-22 05:35:14'),
(47, 'Merle Harvey', '$2y$10$Wsuuf0.ahksO5Ebo0w1yCewlpvySJCCN2oDEpbemKt6QtRwbG5Nie', '', 0, '2016-01-22 05:35:15', '2016-01-22 05:35:15'),
(48, 'Anika Huel', '$2y$10$IhawkdWFyKCV7UD6UM7ere8dHleUg78q8uWCsnkXGaU19lOy5PUB2', '', 0, '2016-01-22 05:35:15', '2016-01-22 05:35:15'),
(49, 'Sven Rolfson', '$2y$10$JoLKkKQIqX6in5B.OVNdxuCyO5g5W2HrDsDhl1xRyPIWbQHcmw/mK', '', 0, '2016-01-22 05:35:15', '2016-01-22 05:35:15'),
(50, 'Pietro Ruecker III', '$2y$10$e6Q2h1jmwFo6Hm1ttSzo1uKjvD989X88JSrNx2Sw/5.y2583kBU0m', '', 0, '2016-01-22 05:35:15', '2016-01-22 05:35:15'),
(51, 'Norwood Kerluke', '$2y$10$EGJ.i4.3cEOOnm52ZsfkVeaNKD4iQqv85ruL.hCfDhAWLPZe4x.Pi', '', 0, '2016-01-22 05:35:15', '2016-01-22 05:35:15'),
(52, 'Arnoldo Larson', '$2y$10$OwWmiLPkFw4GaBMIx1yWXeN6Td78pxHQp.Wufmjbw2GGmwVZA20OO', '', 0, '2016-01-22 05:35:15', '2016-01-22 05:35:15'),
(53, 'Dr. Manuela Carter', '$2y$10$o2IyVQkeYrFh3o2x3ap56eHjOmNtywcDiogQXOykYfAKzHZXcaeTW', '', 0, '2016-01-22 05:35:15', '2016-01-22 05:35:15');

--
-- Constraints for dumped tables
--

--
-- Constraints for table `reports`
--
ALTER TABLE `reports`
  ADD CONSTRAINT `reports_ibfk_1` FOREIGN KEY (`rig_id`) REFERENCES `rigs` (`id`) ON DELETE CASCADE;

--
-- Constraints for table `rigs_users`
--
ALTER TABLE `rigs_users`
  ADD CONSTRAINT `rigs_users_user_id_foreign` FOREIGN KEY (`user_id`) REFERENCES `users` (`id`) ON DELETE CASCADE,
  ADD CONSTRAINT `rigs_users_rig_id_foreign` FOREIGN KEY (`rig_id`) REFERENCES `rigs` (`id`) ON DELETE CASCADE;

/*!40101 SET CHARACTER_SET_CLIENT=@OLD_CHARACTER_SET_CLIENT */;
/*!40101 SET CHARACTER_SET_RESULTS=@OLD_CHARACTER_SET_RESULTS */;
/*!40101 SET COLLATION_CONNECTION=@OLD_COLLATION_CONNECTION */;
